distance_m,has_solution,theta_deg,v_nominal_mps,v_low_mps,v_high_mps,delta_v_mps,time_of_flight_s,entry_angle_deg,z_apex_m,failure_reason
1.00000,1,70.5300,5.07300,5.05915,5.58737,0.52822,0.52374,-11.8008,1.82636,
1.01000,1,70.5300,5.07718,5.05915,5.59906,0.53992,0.52922,-13.3969,1.82828,
1.02000,1,70.5300,5.08180,5.05915,5.61078,0.55163,0.53465,-14.9376,1.83041,
1.03000,1,70.5300,5.08684,5.05915,5.62251,0.56336,0.54001,-16.4235,1.83273,
1.04000,1,70.5300,5.09228,5.05915,5.63425,0.57511,0.54533,-17.8556,1.83524,
1.05000,1,70.5300,5.09808,5.05915,5.64601,0.58687,0.55059,-19.2352,1.83792,
1.06000,1,70.5300,5.10424,5.05915,5.65779,0.59864,0.55581,-20.5636,1.84077,
1.07000,1,70.5300,5.11072,5.05915,5.66958,0.61043,0.56097,-21.8421,1.84377,
1.08000,1,70.5300,5.11751,5.05915,5.68138,0.62223,0.56609,-23.0724,1.84692,
1.09000,1,70.5300,5.12459,5.05915,5.69319,0.63404,0.57116,-24.2561,1.85020,
1.10000,1,70.5300,5.13194,5.05915,5.70501,0.64586,0.57619,-25.3948,1.85362,
1.11000,1,70.5300,5.13955,5.05915,5.71684,0.65769,0.58118,-26.4901,1.85716,
1.12000,1,70.5300,5.14740,5.05915,5.72867,0.66953,0.58612,-27.5438,1.86082,
1.13000,1,70.5300,5.15548,5.05915,5.74052,0.68137,0.59102,-28.5575,1.86460,
1.14000,1,70.5300,5.16378,5.05915,5.75237,0.69322,0.59588,-29.5328,1.86848,
1.15000,1,70.5300,5.17228,5.05915,5.76422,0.70507,0.60070,-30.4713,1.87246,
1.16000,1,70.5300,5.18097,5.05915,5.77608,0.71693,0.60548,-31.3747,1.87654,
1.17000,1,70.5300,5.18985,5.05915,5.78794,0.72880,0.61023,-32.2444,1.88071,
1.18000,1,70.5300,5.19890,5.05915,5.79981,0.74066,0.61494,-33.0819,1.88497,
1.19000,1,70.5300,5.20811,5.05915,5.81168,0.75253,0.61961,-33.8886,1.88932,
1.20000,1,70.5300,5.21748,5.05915,5.82355,0.76440,0.62425,-34.6659,1.89374,
1.21000,1,70.5300,5.22699,5.05915,5.83542,0.77627,0.62885,-35.4150,1.89825,
1.22000,1,70.5300,5.23665,5.05915,5.84729,0.78814,0.63342,-36.1373,1.90282,
1.23000,1,70.5300,5.24643,5.05915,5.85916,0.80001,0.63796,-36.8340,1.90747,
1.24000,1,70.5300,5.25633,5.05915,5.87103,0.81188,0.64246,-37.5061,1.91219,
1.25000,1,70.5300,5.26636,5.05915,5.88290,0.82375,0.64694,-38.1548,1.91697,
1.26000,1,70.5300,5.27649,5.05915,5.89476,0.83562,0.65138,-38.7812,1.92181,
1.27000,1,70.5300,5.28674,5.05923,5.90663,0.84739,0.65579,-39.3861,1.92671,
1.28000,1,70.5300,5.29708,5.05994,5.91849,0.85855,0.66018,-39.9707,1.93167,
1.29000,1,70.5300,5.30751,5.06133,5.93035,0.86902,0.66453,-40.5357,1.93669,
1.30000,1,70.5300,5.31804,5.06335,5.94220,0.87885,0.66886,-41.0820,1.94176,
1.31000,1,70.5300,5.32864,5.06595,5.95405,0.88810,0.67316,-41.6105,1.94688,
1.32000,1,70.5300,5.33933,5.06910,5.96590,0.89679,0.67743,-42.1220,1.95204,
1.33000,1,70.5300,5.35010,5.07277,5.97774,0.90497,0.68167,-42.6170,1.95726,
1.34000,1,70.5300,5.36094,5.07691,5.98957,0.91266,0.68589,-43.0965,1.96252,
1.35000,1,70.5300,5.37184,5.08151,6.00140,0.91989,0.69008,-43.5610,1.96783,
1.36000,1,70.5300,5.38281,5.08653,6.01322,0.92669,0.69425,-44.0111,1.97317,
1.37000,1,70.5300,5.39385,5.09194,6.02504,0.93310,0.69839,-44.4475,1.97856,
1.38000,1,70.5300,5.40494,5.09773,6.03685,0.93912,0.70251,-44.8707,1.98399,
1.39000,1,70.5300,5.41608,5.10386,6.04865,0.94479,0.70661,-45.2813,1.98945,
1.40000,1,70.5300,5.42728,5.11032,6.06045,0.95013,0.71068,-45.6798,1.99496,
1.41000,1,70.5300,5.43852,5.11709,6.07223,0.95514,0.71472,-46.0666,2.00049,
1.42000,1,70.5300,5.44981,5.12415,6.08401,0.95986,0.71875,-46.4423,2.00607,
1.43000,1,70.5300,5.46115,5.13149,6.09579,0.96430,0.72275,-46.8073,2.01167,
1.44000,1,70.5300,5.47252,5.13908,6.10755,0.96847,0.72673,-47.1620,2.01731,
1.45000,1,70.5300,5.48394,5.14692,6.11930,0.97238,0.73069,-47.5069,2.02298,
1.46000,1,70.5300,5.49539,5.15499,6.13105,0.97606,0.73462,-47.8422,2.02867,
1.47000,1,70.5300,5.50687,5.16327,6.14278,0.97951,0.73854,-48.1684,2.03440,
1.48000,1,70.5300,5.51839,5.17176,6.15451,0.98275,0.74244,-48.4858,2.04016,
1.49000,1,70.5300,5.52994,5.18045,6.16623,0.98578,0.74631,-48.7948,2.04594,
1.50000,1,70.5300,5.54151,5.18931,6.17794,0.98862,0.75017,-49.0956,2.05175,
1.51000,1,70.5300,5.55312,5.19835,6.18963,0.99128,0.75400,-49.3886,2.05758,
1.52000,1,70.5300,5.56475,5.20756,6.20132,0.99377,0.75782,-49.6741,2.06344,
1.53000,1,70.5300,5.57640,5.21691,6.21300,0.99609,0.76161,-49.9522,2.06932,
1.54000,1,70.5300,5.58807,5.22642,6.22467,0.99825,0.76539,-50.2234,2.07523,
1.55000,1,70.5300,5.59977,5.23606,6.23632,1.00026,0.76915,-50.4878,2.08116,
1.56000,1,70.5300,5.61148,5.24584,6.24797,1.00213,0.77289,-50.7456,2.08711,
1.57000,1,70.5300,5.62321,5.25574,6.25960,1.00386,0.77661,-50.9972,2.09309,
1.58000,1,70.5300,5.63496,5.26575,6.27123,1.00547,0.78032,-51.2427,2.09908,
1.59000,1,70.5300,5.64672,5.27588,6.28284,1.00695,0.78401,-51.4823,2.10509,
1.60000,1,70.5300,5.65850,5.28612,6.29444,1.00832,0.78768,-51.7163,2.11113,
1.61000,1,70.5300,5.67029,5.29645,6.30603,1.00958,0.79133,-51.9448,2.11718,
1.62000,1,70.5300,5.68209,5.30688,6.31761,1.01072,0.79497,-52.1680,2.12325,
1.63000,1,70.5300,5.69390,5.31740,6.32917,1.01177,0.79859,-52.3860,2.12934,
1.64000,1,70.5300,5.70572,5.32801,6.34073,1.01272,0.80219,-52.5992,2.13545,
1.65000,1,70.5300,5.71755,5.33869,6.35227,1.01358,0.80578,-52.8075,2.14157,
1.66000,1,70.5300,5.72938,5.34945,6.36380,1.01435,0.80935,-53.0112,2.14771,
1.67000,1,70.5300,5.74123,5.36029,6.37532,1.01503,0.81291,-53.2104,2.15387,
1.68000,1,70.5300,5.75308,5.37119,6.38682,1.01564,0.81645,-53.4052,2.16004,
1.69000,1,70.5300,5.76493,5.38215,6.39832,1.01616,0.81997,-53.5959,2.16623,
1.70000,1,70.5300,5.77679,5.39318,6.40980,1.01662,0.82348,-53.7825,2.17244,
1.71000,1,70.5300,5.78866,5.40427,6.42127,1.01700,0.82698,-53.9651,2.17865,
1.72000,1,70.5300,5.80052,5.41541,6.43272,1.01731,0.83046,-54.1439,2.18489,
1.73000,1,70.5300,5.81239,5.42660,6.44417,1.01756,0.83392,-54.3190,2.19113,
1.74000,1,70.5300,5.82426,5.43784,6.45560,1.01775,0.83738,-54.4904,2.19739,
1.75000,1,70.5300,5.83613,5.44913,6.46702,1.01788,0.84081,-54.6584,2.20367,
1.76000,1,70.5300,5.84800,5.46046,6.47842,1.01796,0.84424,-54.8230,2.20995,
1.77000,1,70.5300,5.85987,5.47184,6.48982,1.01798,0.84765,-54.9843,2.21625,
1.78000,1,70.5300,5.87174,5.48325,6.50120,1.01795,0.85104,-55.1424,2.22256,
1.79000,1,70.5300,5.88361,5.49470,6.51256,1.01787,0.85443,-55.2973,2.22888,
1.80000,1,70.5300,5.89548,5.50618,6.52392,1.01774,0.85779,-55.4493,2.23522,
1.81000,1,70.5300,5.90734,5.51770,6.53526,1.01756,0.86115,-55.5983,2.24157,
1.82000,1,70.5300,5.91920,5.52924,6.54659,1.01734,0.86449,-55.7445,2.24792,
1.83000,1,70.5300,5.93106,5.54082,6.55790,1.01708,0.86782,-55.8879,2.25429,
1.84000,1,70.5300,5.94291,5.55242,6.56921,1.01678,0.87114,-56.0286,2.26067,
1.85000,1,70.5300,5.95476,5.56405,6.58049,1.01645,0.87445,-56.1667,2.26706,
1.86000,1,70.5300,5.96661,5.57570,6.59177,1.01607,0.87774,-56.3022,2.27346,
1.87000,1,70.5300,5.97845,5.58737,6.60303,1.01566,0.88102,-56.4353,2.27987,
1.88000,1,70.5300,5.99028,5.59906,6.61428,1.01522,0.88429,-56.5659,2.28629,
1.89000,1,70.5300,6.00211,5.61078,6.62552,1.01474,0.88754,-56.6942,2.29272,
1.90000,1,70.5300,6.01393,5.62251,6.63674,1.01423,0.89079,-56.8202,2.29916,
1.91000,1,70.5300,6.02575,5.63425,6.64795,1.01370,0.89402,-56.9439,2.30560,
1.92000,1,70.5300,6.03756,5.64601,6.65915,1.01313,0.89724,-57.0655,2.31206,
1.93000,1,70.5300,6.04936,5.65779,6.67033,1.01254,0.90045,-57.1850,2.31853,
1.94000,1,70.5300,6.06115,5.66958,6.68150,1.01192,0.90364,-57.3024,2.32500,
1.95000,1,70.5300,6.07294,5.68138,6.69265,1.01128,0.90683,-57.4178,2.33148,
1.96000,1,70.5300,6.08472,5.69319,6.70380,1.01061,0.91001,-57.5312,2.33797,
1.97000,1,70.5300,6.09649,5.70501,6.71492,1.00992,0.91317,-57.6427,2.34447,
1.98000,1,70.5300,6.10825,5.71684,6.72604,1.00920,0.91632,-57.7524,2.35098,
1.99000,1,70.5300,6.12001,5.72867,6.73714,1.00847,0.91947,-57.8602,2.35749,
2.00000,1,70.5300,6.13175,5.74052,6.74823,1.00771,0.92260,-57.9663,2.36401,
2.01000,1,70.5300,6.14349,5.75237,6.75931,1.00694,0.92572,-58.0706,2.37054,
2.02000,1,70.5300,6.15522,5.76422,6.77037,1.00615,0.92883,-58.1732,2.37708,
2.03000,1,70.5300,6.16693,5.77608,6.78142,1.00533,0.93193,-58.2742,2.38362,
2.04000,1,70.5300,6.17864,5.78794,6.79245,1.00451,0.93502,-58.3736,2.39017,
2.05000,1,70.5300,6.19034,5.79981,6.80347,1.00366,0.93810,-58.4714,2.39673,
2.06000,1,70.5300,6.20202,5.81168,6.81448,1.00280,0.94117,-58.5676,2.40329,
2.07000,1,70.5300,6.21370,5.82355,6.82547,1.00193,0.94423,-58.6624,2.40986,
2.08000,1,70.5300,6.22537,5.83542,6.83646,1.00104,0.94728,-58.7557,2.41644,
2.09000,1,70.5300,6.23702,5.84729,6.84742,1.00014,0.95032,-58.8475,2.42302,
2.10000,1,70.5300,6.24867,5.85916,6.85838,0.99922,0.95335,-58.9380,2.42961,
2.11000,1,70.5300,6.26030,5.87103,6.86932,0.99829,0.95637,-59.0271,2.43621,
2.12000,1,70.5300,6.27192,5.88290,6.88025,0.99735,0.95938,-59.1148,2.44281,
2.13000,1,70.5300,6.28353,5.89476,6.89116,0.99640,0.96238,-59.2012,2.44942,
2.14000,1,70.5300,6.29513,5.90663,6.90206,0.99543,0.96538,-59.2864,2.45603,
2.15000,1,70.5300,6.30672,5.91849,6.91295,0.99446,0.96836,-59.3703,2.46265,
2.16000,1,70.5300,6.31830,5.93035,6.92382,0.99347,0.97133,-59.4529,2.46927,
2.17000,1,70.5300,6.32986,5.94220,6.93468,0.99248,0.97430,-59.5344,2.47590,
2.18000,1,70.5300,6.34142,5.95405,6.94553,0.99148,0.97725,-59.6147,2.48254,
2.19000,1,70.5300,6.35296,5.96590,6.95636,0.99047,0.98020,-59.6938,2.48918,
2.20000,1,70.5300,6.36449,5.97774,6.96718,0.98945,0.98314,-59.7718,2.49582,
2.21000,1,70.5300,6.37601,5.98957,6.97799,0.98842,0.98607,-59.8487,2.50247,
2.22000,1,70.5300,6.38751,6.00140,6.98878,0.98738,0.98899,-59.9245,2.50913,
2.23000,1,70.5300,6.39901,6.01322,6.99956,0.98634,0.99190,-59.9993,2.51579,
2.24000,1,70.5300,6.41049,6.02504,7.01033,0.98529,0.99481,-60.0731,2.52245,
2.25000,1,70.5300,6.42195,6.03685,7.02109,0.98424,0.99770,-60.1458,2.52912,
2.26000,1,70.5300,6.43341,6.04865,7.03183,0.98317,1.00059,-60.2175,2.53580,
2.27000,1,70.5300,6.44485,6.06045,7.04255,0.98211,1.00347,-60.2883,2.54248,
2.28000,1,70.5300,6.45628,6.07223,7.05327,0.98103,1.00634,-60.3581,2.54916,
2.29000,1,70.5300,6.46770,6.08401,7.06397,0.97995,1.00920,-60.4269,2.55585,
2.30000,1,70.5300,6.47911,6.09579,7.07466,0.97887,1.01205,-60.4949,2.56254,
2.31000,1,70.5300,6.49050,6.10755,7.08533,0.97778,1.01490,-60.5619,2.56924,
2.32000,1,70.5300,6.50188,6.11930,7.09599,0.97669,1.01774,-60.6281,2.57594,
2.33000,1,70.5300,6.51325,6.13105,7.10664,0.97559,1.02057,-60.6934,2.58264,
2.34000,1,70.5300,6.52460,6.14278,7.11728,0.97449,1.02339,-60.7579,2.58935,
2.35000,1,70.5300,6.53594,6.15451,7.12790,0.97339,1.02620,-60.8215,2.59606,
2.36000,1,70.5300,6.54727,6.16623,7.13851,0.97228,1.02901,-60.8843,2.60278,
2.37000,1,70.5300,6.55858,6.17794,7.14911,0.97117,1.03181,-60.9463,2.60950,
2.38000,1,70.5300,6.56988,6.18963,7.15969,0.97006,1.03460,-61.0075,2.61622,
2.39000,1,70.5300,6.58117,6.20132,7.17026,0.96894,1.03739,-61.0680,2.62295,
2.40000,1,70.5300,6.59245,6.21300,7.18082,0.96782,1.04016,-61.1277,2.62968,
2.41000,1,70.5300,6.60371,6.22467,7.19136,0.96670,1.04293,-61.1867,2.63642,
2.42000,1,70.5300,6.61496,6.23632,7.20189,0.96557,1.04569,-61.2449,2.64316,
2.43000,1,70.5300,6.62619,6.24797,7.21241,0.96445,1.04845,-61.3024,2.64990,
2.44000,1,70.5300,6.63741,6.25960,7.22292,0.96332,1.05120,-61.3592,2.65665,
2.45000,1,70.5300,6.64862,6.27123,7.23341,0.96219,1.05394,-61.4153,2.66339,
2.46000,1,70.5300,6.65982,6.28284,7.24389,0.96106,1.05667,-61.4708,2.67015,
2.47000,1,70.5300,6.67100,6.29444,7.25436,0.95992,1.05940,-61.5256,2.67690,
2.48000,1,70.5300,6.68217,6.30603,7.26482,0.95879,1.06211,-61.5797,2.68366,
2.49000,1,70.5300,6.69332,6.31761,7.27526,0.95765,1.06483,-61.6332,2.69042,
2.50000,1,70.5300,6.70446,6.32917,7.28569,0.95652,1.06753,-61.6860,2.69719,
2.51000,1,70.5300,6.71559,6.34073,7.29610,0.95538,1.07023,-61.7383,2.70396,
2.52000,1,70.5300,6.72671,6.35227,7.30651,0.95424,1.07292,-61.7899,2.71073,
2.53000,1,70.5300,6.73781,6.36380,7.31690,0.95310,1.07561,-61.8409,2.71750,
2.54000,1,70.5300,6.74890,6.37532,7.32728,0.95196,1.07829,-61.8914,2.72428,
2.55000,1,70.5300,6.75997,6.38682,7.33765,0.95082,1.08096,-61.9412,2.73106,
2.56000,1,70.5300,6.77103,6.39832,7.34800,0.94968,1.08362,-61.9905,2.73784,
2.57000,1,70.5300,6.78208,6.40980,7.35834,0.94854,1.08628,-62.0393,2.74463,
2.58000,1,70.5300,6.79311,6.42127,7.36867,0.94740,1.08893,-62.0875,2.75142,
2.59000,1,70.5300,6.80413,6.43272,7.37899,0.94627,1.09158,-62.1351,2.75821,
2.60000,1,70.5300,6.81514,6.44417,7.38929,0.94513,1.09422,-62.1822,2.76500,
2.61000,1,70.5300,6.82613,6.45560,7.39959,0.94399,1.09685,-62.2288,2.77180,
2.62000,1,70.5300,6.83711,6.46702,7.40986,0.94285,1.09948,-62.2749,2.77860,
2.63000,1,70.5300,6.84808,6.47842,7.42013,0.94171,1.10210,-62.3205,2.78540,
2.64000,1,70.5300,6.85903,6.48982,7.43039,0.94057,1.10471,-62.3655,2.79221,
2.65000,1,70.5300,6.86997,6.50120,7.44063,0.93943,1.10732,-62.4101,2.79901,
2.66000,1,70.5300,6.88090,6.51256,7.45086,0.93830,1.10992,-62.4542,2.80582,
2.67000,1,70.5300,6.89181,6.52392,7.46108,0.93716,1.11252,-62.4979,2.81264,
2.68000,1,70.5300,6.90271,6.53526,7.47129,0.93603,1.11511,-62.5410,2.81945,
2.69000,1,70.5300,6.91360,6.54659,7.48148,0.93489,1.11769,-62.5838,2.82627,
2.70000,1,70.5300,6.92447,6.55790,7.49166,0.93376,1.12027,-62.6260,2.83309,
2.71000,1,70.5300,6.93533,6.56921,7.50183,0.93263,1.12284,-62.6678,2.83991,
2.72000,1,70.5300,6.94618,6.58049,7.51199,0.93150,1.12541,-62.7092,2.84673,
2.73000,1,70.5300,6.95701,6.59177,7.52214,0.93037,1.12797,-62.7502,2.85356,
2.74000,1,70.5300,6.96783,6.60303,7.53227,0.92924,1.13052,-62.7907,2.86038,
2.75000,1,70.5300,6.97864,6.61428,7.54239,0.92811,1.13307,-62.8308,2.86722,
2.76000,1,70.5300,6.98943,6.62552,7.55250,0.92698,1.13561,-62.8705,2.87405,
2.77000,1,70.5300,7.00021,6.63674,7.56260,0.92586,1.13815,-62.9098,2.88088,
2.78000,1,70.5300,7.01098,6.64795,7.57269,0.92474,1.14068,-62.9487,2.88772,
2.79000,1,70.5300,7.02173,6.65915,7.58276,0.92362,1.14321,-62.9872,2.89456,
2.80000,1,70.5300,7.03247,6.67033,7.59282,0.92250,1.14573,-63.0253,2.90140,
2.81000,1,70.5300,7.04320,6.68150,7.60287,0.92138,1.14824,-63.0630,2.90824,
2.82000,1,70.5300,7.05391,6.69265,7.61291,0.92026,1.15075,-63.1004,2.91509,
2.83000,1,70.5300,7.06461,6.70380,7.62294,0.91915,1.15325,-63.1373,2.92193,
2.84000,1,70.5200,7.07412,6.71386,7.63161,0.91775,1.15537,-63.1556,2.92775,
2.85000,1,70.4700,7.07890,6.71965,7.63491,0.91526,1.15598,-63.1004,2.92941,
2.86000,1,70.4100,7.08249,6.72437,7.63686,0.91250,1.15620,-63.0269,2.93002,
2.87000,1,70.3600,7.08725,6.73012,7.64015,0.91003,1.15680,-62.9717,2.93166,
2.88000,1,70.3000,7.09083,6.73481,7.64212,0.90731,1.15702,-62.8981,2.93225,
2.89000,1,70.2500,7.09557,6.74054,7.64541,0.90487,1.15760,-62.8429,2.93387,
2.90000,1,70.1900,7.09914,6.74520,7.64738,0.90218,1.15781,-62.7693,2.93445,
2.91000,1,70.1400,7.10386,6.75090,7.65067,0.89977,1.15839,-62.7141,2.93604,
2.92000,1,70.0800,7.10742,6.75554,7.65265,0.89712,1.15859,-62.6406,2.93659,
2.93000,1,70.0300,7.11212,6.76120,7.65594,0.89474,1.15916,-62.5852,2.93816,
2.94000,1,69.9700,7.11568,6.76582,7.65794,0.89212,1.15936,-62.5117,2.93870,
2.95000,1,69.9200,7.12036,6.77145,7.66122,0.88977,1.15992,-62.4564,2.94025,
2.96000,1,69.8600,7.12390,6.77605,7.66323,0.88718,1.16011,-62.3829,2.94077,
2.97000,1,69.8100,7.12857,6.78165,7.66651,0.88486,1.16066,-62.3275,2.94230,
2.98000,1,69.7500,7.13210,6.78623,7.66853,0.88230,1.16085,-62.2541,2.94280,
2.99000,1,69.7000,7.13675,6.79180,7.67181,0.88001,1.16139,-62.1987,2.94430,
3.00000,1,69.6400,7.14028,6.79635,7.67384,0.87748,1.16157,-62.1252,2.94479,
3.01000,1,69.5900,7.14491,6.80190,7.67712,0.87522,1.16210,-62.0698,2.94627,
3.02000,1,69.5400,7.14954,6.80744,7.68027,0.87283,1.16264,-62.0144,2.94774,
3.03000,1,69.4800,7.15305,6.81196,7.68244,0.87049,1.16280,-61.9409,2.94820,
3.04000,1,69.4300,7.15766,6.81746,7.68573,0.86826,1.16333,-61.8855,2.94965,
3.05000,1,69.3700,7.16117,6.82196,7.68777,0.86581,1.16349,-61.8121,2.95009,
3.06000,1,69.3200,7.16576,6.82745,7.69106,0.86361,1.16400,-61.7566,2.95152,
3.07000,1,69.2600,7.16926,6.83193,7.69312,0.86119,1.16416,-61.6832,2.95194,
3.08000,1,69.2100,7.17384,6.83738,7.69640,0.85902,1.16467,-61.6277,2.95335,
3.09000,1,69.1600,7.17841,6.84282,7.69949,0.85667,1.16517,-61.5722,2.95475,
3.10000,1,69.1000,7.18189,6.84728,7.70176,0.85448,1.16531,-61.4988,2.95515,
3.11000,1,69.0500,7.18645,6.85269,7.70504,0.85235,1.16581,-61.4433,2.95653,
3.12000,1,68.9900,7.18993,6.85713,7.70712,0.84999,1.16595,-61.3699,2.95691,
3.13000,1,68.9400,7.19447,6.86252,7.71041,0.84789,1.16644,-61.3144,2.95827,
3.14000,1,68.8800,7.19795,6.86694,7.71250,0.84556,1.16657,-61.2410,2.95863,
3.15000,1,68.8300,7.20248,6.87231,7.71579,0.84348,1.16706,-61.1854,2.95997,
3.16000,1,68.7800,7.20700,6.87767,7.71907,0.84141,1.16753,-61.1299,2.96131,
3.17000,1,68.7200,7.21047,6.88206,7.72118,0.83912,1.16766,-61.0565,2.96164,
3.18000,1,68.6700,7.21498,6.88739,7.72447,0.83707,1.16813,-61.0010,2.96296,
3.19000,1,68.6200,7.21948,6.89272,7.72756,0.83484,1.16860,-60.9454,2.96426,
3.20000,1,68.5600,7.22293,6.89708,7.72987,0.83279,1.16871,-60.8721,2.96457,
3.21000,1,68.5100,7.22742,6.90239,7.73316,0.83078,1.16917,-60.8165,2.96585,
3.22000,1,68.4500,7.23088,6.90674,7.73529,0.82856,1.16928,-60.7432,2.96615,
3.23000,1,68.4000,7.23536,6.91202,7.73858,0.82657,1.16973,-60.6875,2.96742,
3.24000,1,68.3500,7.23983,6.91729,7.74187,0.82459,1.17018,-60.6319,2.96867,
3.25000,1,68.2900,7.24327,6.92161,7.74402,0.82240,1.17028,-60.5586,2.96895,
3.26000,1,68.2400,7.24773,6.92686,7.74731,0.82045,1.17073,-60.5030,2.97018,
3.27000,1,68.1900,7.25219,6.93210,7.75055,0.81844,1.17117,-60.4474,2.97141,
3.28000,1,68.1300,7.25563,6.93641,7.75276,0.81635,1.17126,-60.3741,2.97166,
3.29000,1,68.0800,7.26007,6.94163,7.75606,0.81443,1.17169,-60.3185,2.97287,
3.30000,1,68.0300,7.26450,6.94684,7.75925,0.81241,1.17212,-60.2628,2.97407,
3.31000,1,67.9700,7.26794,6.95112,7.76153,0.81040,1.17220,-60.1896,2.97430,
3.32000,1,67.9200,7.27236,6.95631,7.76482,0.80851,1.17263,-60.1339,2.97548,
3.33000,1,67.8700,7.27679,6.96149,7.76803,0.80654,1.17305,-60.0782,2.97665,
3.34000,1,67.8100,7.28021,6.96576,7.77031,0.80455,1.17312,-60.0050,2.97686,
3.35000,1,67.7600,7.28462,6.97092,7.77361,0.80269,1.17354,-59.9494,2.97802,
3.36000,1,67.7100,7.28903,6.97607,7.77689,0.80082,1.17395,-59.8937,2.97916,
3.37000,1,67.6500,7.29245,6.98032,7.77911,0.79880,1.17401,-59.8205,2.97935,
3.38000,1,67.6000,7.29685,6.98545,7.78242,0.79697,1.17442,-59.7648,2.98048,
3.39000,1,67.5500,7.30124,6.99057,7.78572,0.79514,1.17482,-59.7091,2.98160,
3.40000,1,67.4900,7.30466,6.99480,7.78794,0.79313,1.17488,-59.6359,2.98176,
3.41000,1,67.4400,7.30904,6.99991,7.79124,0.79133,1.17527,-59.5802,2.98286,
3.42000,1,67.3900,7.31342,7.00501,7.79455,0.78954,1.17566,-59.5245,2.98396,
3.43000,1,67.3400,7.31779,7.01010,7.79770,0.78760,1.17605,-59.4688,2.98505,
3.44000,1,67.2800,7.32121,7.01431,7.80010,0.78579,1.17610,-59.3957,2.98518,
3.45000,1,67.2300,7.32557,7.01938,7.80341,0.78403,1.17648,-59.3399,2.98625,
3.46000,1,67.1800,7.32993,7.02445,7.80672,0.78227,1.17686,-59.2842,2.98731,
3.47000,1,67.1200,7.33334,7.02864,7.80898,0.78034,1.17690,-59.2111,2.98742,
3.48000,1,67.0700,7.33769,7.03369,7.81229,0.77860,1.17727,-59.1554,2.98847,
3.49000,1,67.0200,7.34204,7.03873,7.81560,0.77688,1.17764,-59.0997,2.98950,
3.50000,1,66.9700,7.34638,7.04376,7.81892,0.77516,1.17801,-59.0439,2.99053,
3.51000,1,66.9100,7.34979,7.04793,7.82120,0.77326,1.17804,-58.9709,2.99062,
3.52000,1,66.8600,7.35413,7.05295,7.82452,0.77156,1.17840,-58.9151,2.99163,
3.53000,1,66.8100,7.35846,7.05796,7.82784,0.76987,1.17876,-58.8594,2.99263,
3.54000,1,66.7600,7.36278,7.06297,7.83116,0.76819,1.17911,-58.8036,2.99363,
3.55000,1,66.7000,7.36619,7.06712,7.83346,0.76633,1.17913,-58.7306,2.99369,
3.56000,1,66.6500,7.37051,7.07211,7.83678,0.76467,1.17948,-58.6748,2.99467,
3.57000,1,66.6000,7.37483,7.07709,7.84011,0.76301,1.17983,-58.6191,2.99564,
3.58000,1,66.5500,7.37914,7.08207,7.84343,0.76137,1.18017,-58.5633,2.99661,
3.59000,1,66.4900,7.38254,7.08620,7.84575,0.75955,1.18018,-58.4903,2.99664,
3.60000,1,66.4400,7.38685,7.09117,7.84908,0.75792,1.18052,-58.4346,2.99759,
3.61000,1,66.3900,7.39115,7.09612,7.85242,0.75630,1.18086,-58.3788,2.99853,
3.62000,1,66.3400,7.39545,7.10107,7.85575,0.75468,1.18119,-58.3230,2.99946,
3.63000,1,66.2900,7.39975,7.10601,7.85908,0.75308,1.18152,-58.2672,3.00039,
3.64000,1,66.2300,7.40315,7.11013,7.86143,0.75130,1.18152,-58.1943,3.00038,
3.65000,1,66.1800,7.40744,7.11505,7.86477,0.74972,1.18184,-58.1385,3.00130,
3.66000,1,66.1300,7.41173,7.11998,7.86811,0.74813,1.18216,-58.0828,3.00220,
3.67000,1,66.0800,7.41601,7.12489,7.87145,0.74656,1.18248,-58.0270,3.00309,
3.68000,1,66.0300,7.42029,7.12980,7.87479,0.74499,1.18279,-57.9712,3.00398,
3.69000,1,65.9800,7.42457,7.13470,7.87798,0.74328,1.18311,-57.9154,3.00486,
3.70000,1,65.9200,7.42798,7.13880,7.88051,0.74172,1.18309,-57.8425,3.00482,
3.71000,1,65.8700,7.43225,7.14369,7.88386,0.74017,1.18340,-57.7867,3.00569,
3.72000,1,65.8200,7.43652,7.14857,7.88721,0.73864,1.18370,-57.7309,3.00654,
3.73000,1,65.7700,7.44078,7.15345,7.89056,0.73711,1.18401,-57.6751,3.00739,
3.74000,1,65.7200,7.44505,7.15833,7.89392,0.73559,1.18430,-57.6193,3.00824,
3.75000,1,65.6700,7.44931,7.16319,7.89713,0.73394,1.18460,-57.5635,3.00907,
3.76000,1,65.6100,7.45271,7.16727,7.89968,0.73241,1.18457,-57.4908,3.00900,
3.77000,1,65.5600,7.45697,7.17213,7.90304,0.73091,1.18486,-57.4350,3.00982,
3.78000,1,65.5100,7.46123,7.17698,7.90640,0.72942,1.18515,-57.3792,3.01063,
3.79000,1,65.4600,7.46548,7.18183,7.90977,0.72794,1.18544,-57.3233,3.01144,
3.80000,1,65.4100,7.46973,7.18667,7.91313,0.72647,1.18572,-57.2675,3.01224,
3.81000,1,65.3600,7.47397,7.19150,7.91650,0.72500,1.18600,-57.2117,3.01303,
3.82000,1,65.3100,7.47821,7.19633,7.91979,0.72346,1.18628,-57.1559,3.01382,
3.83000,1,65.2500,7.48163,7.20039,7.92231,0.72192,1.18624,-57.0832,3.01370,
3.84000,1,65.2000,7.48587,7.20521,7.92569,0.72048,1.18651,-57.0274,3.01447,
3.85000,1,65.1500,7.49011,7.21003,7.92906,0.71904,1.18678,-56.9716,3.01523,
3.86000,1,65.1000,7.49434,7.21484,7.93244,0.71760,1.18705,-56.9158,3.01599,
3.87000,1,65.0500,7.49858,7.21965,7.93582,0.71618,1.18731,-56.8600,3.01674,
3.88000,1,65.0000,7.50281,7.22445,7.93920,0.71476,1.18758,-56.8042,3.01748,
3.89000,1,64.9500,7.50704,7.22924,7.94259,0.71334,1.18784,-56.7484,3.01822,
3.90000,1,64.9000,7.51127,7.23403,7.94597,0.71194,1.18810,-56.6925,3.01895,
3.91000,1,64.8500,7.51549,7.23882,7.94936,0.71054,1.18835,-56.6367,3.01967,
3.92000,1,64.8000,7.51972,7.24360,7.95265,0.70904,1.18860,-56.5809,3.02039,
3.93000,1,64.7400,7.52314,7.24764,7.95525,0.70761,1.18854,-56.5084,3.02021,
3.94000,1,64.6900,7.52737,7.25242,7.95865,0.70623,1.18879,-56.4526,3.02091,
3.95000,1,64.6400,7.53159,7.25719,7.96204,0.70485,1.18903,-56.3967,3.02161,
3.96000,1,64.5900,7.53581,7.26196,7.96544,0.70349,1.18928,-56.3409,3.02230,
3.97000,1,64.5400,7.54002,7.26672,7.96885,0.70213,1.18952,-56.2851,3.02298,
3.98000,1,64.4900,7.54424,7.27148,7.97225,0.70077,1.18976,-56.2293,3.02366,
3.99000,1,64.4400,7.54845,7.27623,7.97566,0.69943,1.18999,-56.1735,3.02433,
4.00000,1,64.3900,7.55267,7.28098,7.97906,0.69808,1.19023,-56.1177,3.02499,
4.01000,1,64.3400,7.55688,7.28573,7.98247,0.69675,1.19046,-56.0619,3.02565,
4.02000,1,64.2900,7.56109,7.29047,7.98589,0.69542,1.19069,-56.0061,3.02630,
4.03000,1,64.2400,7.56530,7.29521,7.98930,0.69410,1.19091,-55.9503,3.02694,
4.04000,1,64.1900,7.56951,7.29994,7.99272,0.69278,1.19114,-55.8945,3.02757,
4.05000,1,64.1400,7.57371,7.30467,7.99614,0.69147,1.19136,-55.8386,3.02820,
4.06000,1,64.0900,7.57792,7.30940,7.99956,0.69016,1.19158,-55.7828,3.02883,
4.07000,1,64.0400,7.58212,7.31412,8.00299,0.68886,1.19180,-55.7270,3.02944,
4.08000,1,63.9900,7.58632,7.31884,8.00641,0.68757,1.19201,-55.6712,3.03006,
4.09000,1,63.9400,7.59053,7.32356,8.00984,0.68628,1.19222,-55.6154,3.03066,
4.10000,1,63.8900,7.59473,7.32827,8.01327,0.68500,1.19243,-55.5596,3.03126,
4.11000,1,63.8400,7.59893,7.33298,8.01671,0.68372,1.19264,-55.5038,3.03185,
4.12000,1,63.7900,7.60313,7.33769,8.02015,0.68245,1.19285,-55.4480,3.03243,
4.13000,1,63.7400,7.60732,7.34240,8.02359,0.68119,1.19305,-55.3922,3.03301,
4.14000,1,63.6900,7.61152,7.34710,8.02703,0.67993,1.19325,-55.3364,3.03358,
4.15000,1,63.6400,7.61572,7.35179,8.03047,0.67868,1.19345,-55.2806,3.03415,
4.16000,1,63.5900,7.61991,7.35649,8.03392,0.67743,1.19365,-55.2248,3.03471,
4.17000,1,63.5400,7.62411,7.36118,8.03737,0.67619,1.19384,-55.1690,3.03527,
4.18000,1,63.4900,7.62831,7.36587,8.04082,0.67495,1.19404,-55.1132,3.03581,
4.19000,1,63.4400,7.63250,7.37056,8.04428,0.67372,1.19423,-55.0574,3.03635,
4.20000,1,63.3900,7.63669,7.37524,8.04774,0.67250,1.19441,-55.0017,3.03689,
4.21000,1,63.3400,7.64089,7.37992,8.05120,0.67128,1.19460,-54.9459,3.03742,
4.22000,1,63.2900,7.64508,7.38460,8.05466,0.67006,1.19478,-54.8901,3.03794,
4.23000,1,63.2400,7.64927,7.38928,8.05813,0.66885,1.19496,-54.8343,3.03846,
4.24000,1,63.1900,7.65347,7.39395,8.06160,0.66765,1.19514,-54.7785,3.03897,
4.25000,1,63.1400,7.65766,7.39862,8.06507,0.66645,1.19532,-54.7227,3.03948,
4.26000,1,63.0900,7.66185,7.40329,8.06855,0.66526,1.19550,-54.6670,3.03998,
4.27000,1,63.0400,7.66605,7.40796,8.07203,0.66407,1.19567,-54.6112,3.04047,
4.28000,1,62.9900,7.67024,7.41262,8.07551,0.66289,1.19584,-54.5554,3.04096,
4.29000,1,62.9400,7.67443,7.41728,8.07900,0.66171,1.19601,-54.4997,3.04144,
4.30000,1,62.9000,7.67932,7.42259,8.08320,0.66062,1.19648,-54.4602,3.04277,
4.31000,1,62.8500,7.68351,7.42724,8.08674,0.65950,1.19664,-54.4044,3.04324,
4.32000,1,62.8000,7.68770,7.43190,8.09023,0.65833,1.19680,-54.3487,3.04370,
4.33000,1,62.7500,7.69189,7.43655,8.09373,0.65718,1.19696,-54.2929,3.04416,
4.34000,1,62.7000,7.69608,7.44120,8.09722,0.65603,1.19712,-54.2371,3.04461,
4.35000,1,62.6500,7.70027,7.44585,8.10073,0.65488,1.19728,-54.1814,3.04506,
4.36000,1,62.6000,7.70446,7.45049,8.10423,0.65374,1.19743,-54.1256,3.04550,
4.37000,1,62.5500,7.70865,7.45514,8.10774,0.65260,1.19758,-54.0699,3.04593,
4.38000,1,62.5000,7.71284,7.45978,8.11125,0.65147,1.19773,-54.0141,3.04636,
4.39000,1,62.4500,7.71703,7.46443,8.11476,0.65034,1.19788,-53.9584,3.04678,
4.40000,1,62.4100,7.72189,7.46969,8.11902,0.64933,1.19832,-53.9188,3.04805,
4.41000,1,62.3600,7.72608,7.47432,8.12254,0.64822,1.19847,-53.8631,3.04846,
4.42000,1,62.3100,7.73027,7.47896,8.12606,0.64710,1.19861,-53.8073,3.04886,
4.43000,1,62.2600,7.73446,7.48359,8.12959,0.64599,1.19875,-53.7516,3.04926,
4.44000,1,62.2100,7.73866,7.48822,8.13311,0.64489,1.19889,-53.6959,3.04966,
4.45000,1,62.1600,7.74285,7.49286,8.13665,0.64379,1.19902,-53.6401,3.05005,
4.46000,1,62.1100,7.74704,7.49749,8.14018,0.64270,1.19916,-53.5844,3.05043,
4.47000,1,62.0700,7.75189,7.50272,8.14443,0.64171,1.19958,-53.5448,3.05165,
4.48000,1,62.0200,7.75608,7.50734,8.14798,0.64064,1.19971,-53.4891,3.05202,
4.49000,1,61.9700,7.76027,7.51197,8.15152,0.63955,1.19984,-53.4334,3.05239,
4.50000,1,61.9200,7.76447,7.51659,8.15507,0.63848,1.19997,-53.3776,3.05275,
4.51000,1,61.8700,7.76866,7.52122,8.15862,0.63741,1.20009,-53.3219,3.05310,
4.52000,1,61.8200,7.77286,7.52584,8.16218,0.63634,1.20021,-53.2662,3.05345,
4.53000,1,61.7800,7.77769,7.53105,8.16643,0.63539,1.20063,-53.2266,3.05463,
4.54000,1,61.7300,7.78189,7.53567,8.16999,0.63433,1.20074,-53.1708,3.05497,
4.55000,1,61.6800,7.78609,7.54028,8.17356,0.63327,1.20086,-53.1151,3.05530,
4.56000,1,61.6300,7.79028,7.54490,8.17712,0.63222,1.20097,-53.0595,3.05563,
4.57000,1,61.5800,7.79448,7.54952,8.18070,0.63118,1.20109,-53.0038,3.05595,
4.58000,1,61.5400,7.79931,7.55471,8.18492,0.63021,1.20149,-52.9641,3.05711,
4.59000,1,61.4900,7.80351,7.55932,8.18853,0.62921,1.20160,-52.9084,3.05742,
4.60000,1,61.4400,7.80771,7.56394,8.19211,0.62818,1.20170,-52.8527,3.05772,
4.61000,1,61.3900,7.81191,7.56855,8.19570,0.62715,1.20181,-52.7970,3.05802,
4.62000,1,61.3400,7.81611,7.57316,8.19928,0.62612,1.20191,-52.7413,3.05832,
4.63000,1,61.3000,7.82093,7.57834,8.20355,0.62521,1.20230,-52.7016,3.05944,
4.64000,1,61.2500,7.82513,7.58295,8.20714,0.62419,1.20240,-52.6459,3.05972,
4.65000,1,61.2000,7.82934,7.58756,8.21074,0.62318,1.20250,-52.5902,3.06000,
4.66000,1,61.1500,7.83355,7.59216,8.21434,0.62217,1.20259,-52.5346,3.06028,
4.67000,1,61.1100,7.83835,7.59733,8.21858,0.62125,1.20298,-52.4948,3.06137,
4.68000,1,61.0600,7.84256,7.60194,8.22221,0.62028,1.20307,-52.4392,3.06164,
4.69000,1,61.0100,7.84677,7.60654,8.22582,0.61928,1.20316,-52.3835,3.06189,
4.70000,1,60.9600,7.85098,7.61115,8.22944,0.61829,1.20325,-52.3279,3.06215,
4.71000,1,60.9200,7.85578,7.61630,8.23369,0.61739,1.20362,-52.2881,3.06322,
4.72000,1,60.8700,7.86000,7.62091,8.23733,0.61642,1.20370,-52.2324,3.06346,
4.73000,1,60.8200,7.86421,7.62551,8.24095,0.61544,1.20379,-52.1768,3.06370,
4.74000,1,60.7700,7.86843,7.63012,8.24458,0.61446,1.20387,-52.1211,3.06393,
4.75000,1,60.7300,7.87322,7.63526,8.24885,0.61359,1.20423,-52.0813,3.06498,
4.76000,1,60.6800,7.87744,7.63986,8.25249,0.61262,1.20431,-52.0257,3.06520,
4.77000,1,60.6300,7.88166,7.64447,8.25613,0.61166,1.20438,-51.9701,3.06542,
4.78000,1,60.5800,7.88588,7.64907,8.25977,0.61070,1.20446,-51.9145,3.06563,
4.79000,1,60.5400,7.89068,7.65420,8.26405,0.60984,1.20482,-51.8746,3.06666,
4.80000,1,60.4900,7.89490,7.65881,8.26770,0.60889,1.20489,-51.8190,3.06686,
4.81000,1,60.4400,7.89913,7.66341,8.27135,0.60794,1.20495,-51.7634,3.06705,
4.82000,1,60.4000,7.90391,7.66854,8.27563,0.60709,1.20530,-51.7235,3.06806,
4.83000,1,60.3500,7.90814,7.67314,8.27929,0.60615,1.20537,-51.6679,3.06825,
4.84000,1,60.3000,7.91237,7.67774,8.28296,0.60521,1.20543,-51.6123,3.06843,
4.85000,1,60.2600,7.91716,7.68286,8.28724,0.60438,1.20578,-51.5724,3.06942,
4.86000,1,60.2100,7.92139,7.68746,8.29091,0.60345,1.20584,-51.5168,3.06959,
4.87000,1,60.1600,7.92563,7.69207,8.29458,0.60252,1.20589,-51.4613,3.06976,
4.88000,1,60.1200,7.93041,7.69718,8.29887,0.60169,1.20623,-51.4214,3.07074,
4.89000,1,60.0700,7.93465,7.70178,8.30255,0.60077,1.20629,-51.3658,3.07089,
4.90000,1,60.0200,7.93889,7.70639,8.30624,0.59985,1.20634,-51.3102,3.07104,
4.91000,1,59.9800,7.94367,7.71149,8.31053,0.59904,1.20667,-51.2703,3.07200,
4.92000,1,59.9300,7.94791,7.71610,8.31422,0.59813,1.20672,-51.2147,3.07214,
4.93000,1,59.8800,7.95215,7.72070,8.31792,0.59722,1.20677,-51.1592,3.07228,
4.94000,1,59.8400,7.95693,7.72580,8.32221,0.59641,1.20710,-51.1192,3.07322,
4.95000,1,59.7900,7.96118,7.73041,8.32592,0.59551,1.20714,-51.0637,3.07335,
4.96000,1,59.7400,7.96543,7.73501,8.32963,0.59462,1.20718,-51.0081,3.07347,
4.97000,1,59.7000,7.97021,7.74011,8.33392,0.59382,1.20750,-50.9682,3.07439,
4.98000,1,59.6500,7.97446,7.74471,8.33764,0.59293,1.20754,-50.9126,3.07451,
4.99000,1,59.6100,7.97924,7.74980,8.34194,0.59213,1.20786,-50.8727,3.07542,
5.00000,1,59.5600,7.98349,7.75441,8.34566,0.59125,1.20789,-50.8172,3.07552,
5.01000,1,59.5100,7.98775,7.75902,8.34939,0.59037,1.20793,-50.7616,3.07562,
5.02000,1,59.4700,7.99253,7.76411,8.35370,0.58959,1.20824,-50.7216,3.07652,
5.03000,1,59.4200,7.99679,7.76872,8.35743,0.58872,1.20827,-50.6661,3.07661,
5.04000,1,59.3800,8.00156,7.77380,8.36169,0.58789,1.20858,-50.6261,3.07750,
5.05000,1,59.3300,8.00583,7.77841,8.36548,0.58707,1.20861,-50.5706,3.07757,
5.06000,1,59.2800,8.01010,7.78302,8.36923,0.58621,1.20863,-50.5151,3.07765,
5.07000,1,59.2400,8.01487,7.78810,8.37354,0.58544,1.20893,-50.4751,3.07852,
5.08000,1,59.1900,8.01914,7.79271,8.37730,0.58459,1.20896,-50.4196,3.07858,
5.09000,1,59.1500,8.02392,7.79779,8.38161,0.58382,1.20925,-50.3796,3.07944,
5.10000,1,59.1000,8.02819,7.80240,8.38537,0.58297,1.20927,-50.3241,3.07950,
5.11000,1,59.0500,8.03247,7.80702,8.38914,0.58213,1.20929,-50.2686,3.07955,
5.12000,1,59.0100,8.03725,7.81209,8.39346,0.58137,1.20958,-50.2286,3.08039,
5.13000,1,58.9600,8.04153,7.81671,8.39724,0.58053,1.20960,-50.1731,3.08043,
5.14000,1,58.9200,8.04630,7.82178,8.40156,0.57978,1.20989,-50.1331,3.08127,
5.15000,1,58.8700,8.05059,7.82640,8.40534,0.57895,1.20990,-50.0776,3.08130,
5.16000,1,58.8300,8.05536,7.83147,8.40967,0.57820,1.21018,-50.0376,3.08213,
5.17000,1,58.7800,8.05965,7.83609,8.41346,0.57737,1.21019,-49.9821,3.08215,
5.18000,1,58.7400,8.06443,7.84115,8.41778,0.57663,1.21047,-49.9421,3.08296,
5.19000,1,58.6900,8.06872,7.84577,8.42159,0.57581,1.21048,-49.8866,3.08298,
5.20000,1,58.6500,8.07350,7.85084,8.42591,0.57507,1.21076,-49.8466,3.08378,
5.21000,1,58.6000,8.07780,7.85546,8.42972,0.57426,1.21076,-49.7911,3.08378,
5.22000,1,58.5600,8.08257,7.86052,8.43399,0.57347,1.21103,-49.7510,3.08458,
5.23000,1,58.5100,8.08687,7.86515,8.43787,0.57272,1.21103,-49.6956,3.08457,
5.24000,1,58.4600,8.09118,7.86978,8.44170,0.57192,1.21103,-49.6402,3.08456,
5.25000,1,58.4200,8.09596,7.87484,8.44604,0.57120,1.21129,-49.6001,3.08534,
5.26000,1,58.3700,8.10027,7.87947,8.44987,0.57040,1.21129,-49.5447,3.08532,
5.27000,1,58.3300,8.10505,7.88453,8.45421,0.56968,1.21155,-49.5046,3.08609,
5.28000,1,58.2800,8.10937,7.88917,8.45805,0.56889,1.21154,-49.4492,3.08606,
5.29000,1,58.2400,8.11414,7.89422,8.46240,0.56817,1.21181,-49.4091,3.08682,
5.30000,1,58.2000,8.11891,7.89928,8.46668,0.56741,1.21207,-49.3690,3.08758,
5.31000,1,58.1500,8.12324,7.90391,8.47059,0.56668,1.21205,-49.3136,3.08754,
5.32000,1,58.1100,8.12801,7.90897,8.47494,0.56598,1.21231,-49.2735,3.08828,
5.33000,1,58.0600,8.13235,7.91361,8.47880,0.56520,1.21229,-49.2181,3.08823,
5.34000,1,58.0200,8.13712,7.91866,8.48316,0.56450,1.21255,-49.1779,3.08896,
5.35000,1,57.9700,8.14146,7.92330,8.48703,0.56372,1.21253,-49.1226,3.08890,
5.36000,1,57.9300,8.14623,7.92836,8.49138,0.56303,1.21278,-49.0824,3.08963,
5.37000,1,57.8800,8.15058,7.93300,8.49526,0.56226,1.21275,-49.0271,3.08956,
5.38000,1,57.8400,8.15535,7.93805,8.49962,0.56157,1.21300,-48.9869,3.09028,
5.39000,1,57.7900,8.15970,7.94271,8.50351,0.56081,1.21297,-48.9316,3.09020,
5.40000,1,57.7500,8.16448,7.94776,8.50788,0.56012,1.21322,-48.8914,3.09090,
5.41000,1,57.7000,8.16884,7.95241,8.51178,0.55937,1.21319,-48.8361,3.09082,
5.42000,1,57.6600,8.17361,7.95746,8.51615,0.55869,1.21343,-48.7959,3.09151,
5.43000,1,57.6200,8.17839,7.96251,8.52052,0.55801,1.21366,-48.7558,3.09220,
5.44000,1,57.5700,8.18276,7.96717,8.52443,0.55726,1.21363,-48.7004,3.09210,
5.45000,1,57.5300,8.18754,7.97221,8.52880,0.55659,1.21387,-48.6603,3.09279,
5.46000,1,57.4800,8.19191,7.97688,8.53272,0.55584,1.21383,-48.6050,3.09268,
5.47000,1,57.4400,8.19669,7.98193,8.53710,0.55518,1.21406,-48.5648,3.09335,
5.48000,1,57.4000,8.20147,7.98697,8.54146,0.55449,1.21429,-48.5246,3.09402,
5.49000,1,57.3500,8.20585,7.99164,8.54541,0.55377,1.21425,-48.4693,3.09390,
5.50000,1,57.3100,8.21063,7.99669,8.54980,0.55311,1.21447,-48.4291,3.09455,
5.51000,1,57.2600,8.21502,8.00136,8.55374,0.55238,1.21443,-48.3738,3.09442,
5.52000,1,57.2200,8.21980,8.00641,8.55813,0.55173,1.21465,-48.3336,3.09507,
5.53000,1,57.1800,8.22459,8.01145,8.56252,0.55107,1.21488,-48.2934,3.09572,
5.54000,1,57.1300,8.22898,8.01613,8.56648,0.55035,1.21483,-48.2381,3.09557,
5.55000,1,57.0900,8.23377,8.02118,8.57087,0.54970,1.21504,-48.1979,3.09621,
5.56000,1,57.0400,8.23817,8.02586,8.57484,0.54898,1.21499,-48.1427,3.09605,
5.57000,1,57.0000,8.24296,8.03091,8.57924,0.54833,1.21521,-48.1024,3.09668,
5.58000,1,56.9600,8.24775,8.03595,8.58364,0.54769,1.21542,-48.0622,3.09730,
5.59000,1,56.9100,8.25216,8.04064,8.58762,0.54698,1.21536,-48.0070,3.09714,
5.60000,1,56.8700,8.25695,8.04569,8.59203,0.54634,1.21558,-47.9667,3.09775,
5.61000,1,56.8300,8.26175,8.05074,8.59644,0.54571,1.21578,-47.9265,3.09835,
5.62000,1,56.7800,8.26616,8.05543,8.60043,0.54500,1.21572,-47.8713,3.09818,
5.63000,1,56.7400,8.27096,8.06048,8.60485,0.54437,1.21593,-47.8310,3.09877,
5.64000,1,56.7000,8.27576,8.06552,8.60927,0.54374,1.21613,-47.7908,3.09937,
5.65000,1,56.6500,8.28019,8.07023,8.61327,0.54304,1.21607,-47.7356,3.09918,
5.66000,1,56.6100,8.28499,8.07528,8.61769,0.54242,1.21627,-47.6953,3.09976,
5.67000,1,56.5700,8.28979,8.08032,8.62212,0.54180,1.21647,-47.6551,3.10034,
5.68000,1,56.5200,8.29422,8.08503,8.62614,0.54111,1.21640,-47.5999,3.10014,
5.69000,1,56.4800,8.29903,8.09008,8.63057,0.54049,1.21659,-47.5596,3.10071,
5.70000,1,56.4400,8.30383,8.09513,8.63500,0.53987,1.21679,-47.5194,3.10128,
5.71000,1,56.3900,8.30828,8.09985,8.63903,0.53919,1.21672,-47.4642,3.10106,
5.72000,1,56.3500,8.31308,8.10490,8.64347,0.53857,1.21691,-47.4239,3.10162,
5.73000,1,56.3100,8.31789,8.10995,8.64791,0.53796,1.21710,-47.3836,3.10217,
5.74000,1,56.2600,8.32235,8.11467,8.65196,0.53729,1.21702,-47.3285,3.10194,
5.75000,1,56.2200,8.32716,8.11972,8.65640,0.53668,1.21721,-47.2882,3.10249,
5.76000,1,56.1800,8.33197,8.12477,8.66085,0.53608,1.21739,-47.2479,3.10302,
5.77000,1,56.1400,8.33679,8.12983,8.66530,0.53547,1.21758,-47.2076,3.10356,
5.78000,1,56.0900,8.34126,8.13456,8.66937,0.53481,1.21749,-47.1525,3.10332,
5.79000,1,56.0500,8.34607,8.13961,8.67382,0.53421,1.21767,-47.1122,3.10384,
5.80000,1,56.0100,8.35089,8.14467,8.67828,0.53361,1.21785,-47.0719,3.10436,
5.81000,1,55.9700,8.35571,8.14972,8.68274,0.53301,1.21803,-47.0316,3.10488,
5.82000,1,55.9200,8.36019,8.15447,8.68683,0.53236,1.21794,-46.9765,3.10462,
5.83000,1,55.8800,8.36502,8.15952,8.69129,0.53177,1.21811,-46.9362,3.10513,
5.84000,1,55.8400,8.36984,8.16458,8.69576,0.53118,1.21829,-46.8959,3.10563,
5.85000,1,55.8000,8.37466,8.16963,8.70020,0.53057,1.21846,-46.8556,3.10613,
5.86000,1,55.7500,8.37916,8.17439,8.70433,0.52994,1.21836,-46.8005,3.10585,
5.87000,1,55.7100,8.38399,8.17945,8.70881,0.52936,1.21853,-46.7602,3.10634,
5.88000,1,55.6700,8.38882,8.18451,8.71329,0.52878,1.21870,-46.7198,3.10683,
5.89000,1,55.6300,8.39365,8.18957,8.71777,0.52820,1.21886,-46.6795,3.10731,
5.90000,1,55.5800,8.39816,8.19433,8.72189,0.52756,1.21876,-46.6244,3.10702,
5.91000,1,55.5400,8.40300,8.19940,8.72638,0.52699,1.21893,-46.5841,3.10749,
5.92000,1,55.5000,8.40783,8.20446,8.73087,0.52641,1.21909,-46.5438,3.10796,
5.93000,1,55.4600,8.41267,8.20952,8.73536,0.52584,1.21925,-46.5035,3.10843,
5.94000,1,55.4100,8.41720,8.21430,8.73951,0.52521,1.21914,-46.4484,3.10812,
5.95000,1,55.3700,8.42204,8.21937,8.74401,0.52464,1.21930,-46.4081,3.10858,
5.96000,1,55.3300,8.42688,8.22443,8.74851,0.52407,1.21945,-46.3677,3.10903,
5.97000,1,55.2900,8.43173,8.22950,8.75301,0.52351,1.21961,-46.3274,3.10948,
5.98000,1,55.2500,8.43657,8.23457,8.75751,0.52295,1.21976,-46.2871,3.10992,
5.99000,1,55.2100,8.44142,8.23963,8.76199,0.52235,1.21991,-46.2467,3.11036,
6.00000,1,55.1600,8.44597,8.24443,8.76620,0.52177,1.21980,-46.1917,3.11003,
6.01000,1,55.1200,8.45082,8.24950,8.77071,0.52121,1.21994,-46.1513,3.11046,
6.02000,1,55.0800,8.45567,8.25458,8.77523,0.52065,1.22009,-46.1110,3.11088,
6.03000,1,55.0400,8.46053,8.25965,8.77975,0.52010,1.22023,-46.0706,3.11131,
6.04000,1,55.0000,8.46538,8.26472,8.78427,0.51955,1.22038,-46.0303,3.11172,
6.05000,1,54.9500,8.46995,8.26953,8.78847,0.51894,1.22026,-45.9753,3.11137,
6.06000,1,54.9100,8.47482,8.27461,8.79300,0.51839,1.22040,-45.9349,3.11178,
6.07000,1,54.8700,8.47968,8.27969,8.79754,0.51784,1.22054,-45.8946,3.11219,
6.08000,1,54.8300,8.48454,8.28477,8.80207,0.51730,1.22067,-45.8542,3.11259,
6.09000,1,54.7900,8.48941,8.28985,8.80661,0.51676,1.22081,-45.8138,3.11299,
6.10000,1,54.7500,8.49427,8.29493,8.81115,0.51622,1.22095,-45.7735,3.11338,
